,id,iso2Code,name,capitalCity,longitude,latitude,region.id,region.iso2code,region.value,adminregion.id,adminregion.iso2code,adminregion.value,incomeLevel.id,incomeLevel.iso2code,incomeLevel.value,lendingType.id,lendingType.iso2code,lendingType.value
0,ABW,AW,Aruba,Oranjestad,-70.0167,12.5167,LCN,ZJ,Latin America & Caribbean ,,,,HIC,XD,High income,LNX,XX,Not classified
1,AFG,AF,Afghanistan,Kabul,69.1761,34.5228,SAS,8S,South Asia,SAS,8S,South Asia,LIC,XM,Low income,IDX,XI,IDA
2,AFR,A9,Africa,,,,NA,NA,Aggregates,,,,NA,NA,Aggregates,,,Aggregates
3,AGO,AO,Angola,Luanda,13.242,-8.81155,SSF,ZG,Sub-Saharan Africa ,SSA,ZF,Sub-Saharan Africa (excluding high income),LMC,XN,Lower middle income,IBD,XF,IBRD
4,ALB,AL,Albania,Tirane,19.8172,41.3317,ECS,Z7,Europe & Central Asia,ECA,7E,Europe & Central Asia (excluding high income),UMC,XT,Upper middle income,IBD,XF,IBRD
5,AND,AD,Andorra,Andorra la Vella,1.5218,42.5075,ECS,Z7,Europe & Central Asia,,,,HIC,XD,High income,LNX,XX,Not classified
6,ANR,L5,Andean Region,,,,NA,NA,Aggregates,,,,NA,NA,Aggregates,,,Aggregates
7,ARB,1A,Arab World,,,,NA,NA,Aggregates,,,,NA,NA,Aggregates,,,Aggregates
8,ARE,AE,United Arab Emirates,Abu Dhabi,54.3705,24.4764,MEA,ZQ,Middle East & North Africa,,,,HIC,XD,High income,LNX,XX,Not classified
9,ARG,AR,Argentina,Buenos Aires,-58.4173,-34.6118,LCN,ZJ,Latin America & Caribbean ,LAC,XJ,Latin America & Caribbean (excluding high income),UMC,XT,Upper middle income,IBD,XF,IBRD
10,ARM,AM,Armenia,Yerevan,44.509,40.1596,ECS,Z7,Europe & Central Asia,ECA,7E,Europe & Central Asia (excluding high income),UMC,XT,Upper middle income,IBD,XF,IBRD
11,ASM,AS,American Samoa,Pago Pago,-170.691,-14.2846,EAS,Z4,East Asia & Pacific,EAP,4E,East Asia & Pacific (excluding high income),UMC,XT,Upper middle income,LNX,XX,Not classified
12,ATG,AG,Antigua and Barbuda,Saint John's,-61.8456,17.1175,LCN,ZJ,Latin America & Caribbean ,,,,HIC,XD,High income,IBD,XF,IBRD
13,AUS,AU,Australia,Canberra,149.129,-35.282,EAS,Z4,East Asia & Pacific,,,,HIC,XD,High income,LNX,XX,Not classified
14,AUT,AT,Austria,Vienna,16.3798,48.2201,ECS,Z7,Europe & Central Asia,,,,HIC,XD,High income,LNX,XX,Not classified
15,AZE,AZ,Azerbaijan,Baku,49.8932,40.3834,ECS,Z7,Europe & Central Asia,ECA,7E,Europe & Central Asia (excluding high income),UMC,XT,Upper middle income,IBD,XF,IBRD
16,BDI,BI,Burundi,Bujumbura,29.3639,-3.3784,SSF,ZG,Sub-Saharan Africa ,SSA,ZF,Sub-Saharan Africa (excluding high income),LIC,XM,Low income,IDX,XI,IDA
17,BEA,B4,East Asia & Pacific (IBRD-only countries),,,,NA,NA,Aggregates,,,,NA,NA,Aggregates,,,Aggregates
18,BEC,B7,Europe & Central Asia (IBRD-only countries),,,,NA,NA,Aggregates,,,,NA,NA,Aggregates,,,Aggregates
19,BEL,BE,Belgium,Brussels,4.36761,50.8371,ECS,Z7,Europe & Central Asia,,,,HIC,XD,High income,LNX,XX,Not classified
20,BEN,BJ,Benin,Porto-Novo,2.6323,6.4779,SSF,ZG,Sub-Saharan Africa ,SSA,ZF,Sub-Saharan Africa (excluding high income),LMC,XN,Lower middle income,IDX,XI,IDA
21,BFA,BF,Burkina Faso,Ouagadougou,-1.53395,12.3605,SSF,ZG,Sub-Saharan Africa ,SSA,ZF,Sub-Saharan Africa (excluding high income),LIC,XM,Low income,IDX,XI,IDA
22,BGD,BD,Bangladesh,Dhaka,90.4113,23.7055,SAS,8S,South Asia,SAS,8S,South Asia,LMC,XN,Lower middle income,IDX,XI,IDA
23,BGR,BG,Bulgaria,Sofia,23.3238,42.7105,ECS,Z7,Europe & Central Asia,ECA,7E,Europe & Central Asia (excluding high income),UMC,XT,Upper middle income,IBD,XF,IBRD
24,BHI,B1,IBRD countries classified as high income,,,,NA,NA,Aggregates,,,,NA,NA,Aggregates,,,Aggregates
25,BHR,BH,Bahrain,Manama,50.5354,26.1921,MEA,ZQ,Middle East & North Africa,,,,HIC,XD,High income,LNX,XX,Not classified
26,BHS,BS,"Bahamas, The",Nassau,-77.339,25.0661,LCN,ZJ,Latin America & Caribbean ,,,,HIC,XD,High income,LNX,XX,Not classified
27,BIH,BA,Bosnia and Herzegovina,Sarajevo,18.4214,43.8607,ECS,Z7,Europe & Central Asia,ECA,7E,Europe & Central Asia (excluding high income),UMC,XT,Upper middle income,IBD,XF,IBRD
28,BLA,B2,Latin America & the Caribbean (IBRD-only countries),,,,NA,NA,Aggregates,,,,NA,NA,Aggregates,,,Aggregates
29,BLR,BY,Belarus,Minsk,27.5766,53.9678,ECS,Z7,Europe & Central Asia,ECA,7E,Europe & Central Asia (excluding high income),UMC,XT,Upper middle income,IBD,XF,IBRD
30,BLZ,BZ,Belize,Belmopan,-88.7713,17.2534,LCN,ZJ,Latin America & Caribbean ,LAC,XJ,Latin America & Caribbean (excluding high income),UMC,XT,Upper middle income,IBD,XF,IBRD
31,BMN,B3,Middle East & North Africa (IBRD-only countries),,,,NA,NA,Aggregates,,,,NA,NA,Aggregates,,,Aggregates
32,BMU,BM,Bermuda,Hamilton,-64.706,32.3293,NAC,XU,North America,,,,HIC,XD,High income,LNX,XX,Not classified
33,BOL,BO,Bolivia,La Paz,-66.1936,-13.9908,LCN,ZJ,Latin America & Caribbean ,LAC,XJ,Latin America & Caribbean (excluding high income),LMC,XN,Lower middle income,IBD,XF,IBRD
34,BRA,BR,Brazil,Brasilia,-47.9292,-15.7801,LCN,ZJ,Latin America & Caribbean ,LAC,XJ,Latin America & Caribbean (excluding high income),UMC,XT,Upper middle income,IBD,XF,IBRD
35,BRB,BB,Barbados,Bridgetown,-59.6105,13.0935,LCN,ZJ,Latin America & Caribbean ,,,,HIC,XD,High income,LNX,XX,Not classified
36,BRN,BN,Brunei Darussalam,Bandar Seri Begawan,114.946,4.94199,EAS,Z4,East Asia & Pacific,,,,HIC,XD,High income,LNX,XX,Not classified
37,BSS,B6,Sub-Saharan Africa (IBRD-only countries),,,,NA,NA,Aggregates,,,,NA,NA,Aggregates,,,Aggregates
38,BTN,BT,Bhutan,Thimphu,89.6177,27.5768,SAS,8S,South Asia,SAS,8S,South Asia,LMC,XN,Lower middle income,IDX,XI,IDA
39,BWA,BW,Botswana,Gaborone,25.9201,-24.6544,SSF,ZG,Sub-Saharan Africa ,SSA,ZF,Sub-Saharan Africa (excluding high income),UMC,XT,Upper middle income,IBD,XF,IBRD
40,CAA,C9,Sub-Saharan Africa (IFC classification),,,,NA,NA,Aggregates,,,,NA,NA,Aggregates,,,Aggregates
41,CAF,CF,Central African Republic,Bangui,21.6407,5.63056,SSF,ZG,Sub-Saharan Africa ,SSA,ZF,Sub-Saharan Africa (excluding high income),LIC,XM,Low income,IDX,XI,IDA
42,CAN,CA,Canada,Ottawa,-75.6919,45.4215,NAC,XU,North America,,,,HIC,XD,High income,LNX,XX,Not classified
43,CEA,C4,East Asia and the Pacific (IFC classification),,,,NA,NA,Aggregates,,,,NA,NA,Aggregates,,,Aggregates
44,CEB,B8,Central Europe and the Baltics,,,,NA,NA,Aggregates,,,,NA,NA,Aggregates,,,Aggregates
45,CEU,C5,Europe and Central Asia (IFC classification),,,,NA,NA,Aggregates,,,,NA,NA,Aggregates,,,Aggregates
46,CHE,CH,Switzerland,Bern,7.44821,46.948,ECS,Z7,Europe & Central Asia,,,,HIC,XD,High income,LNX,XX,Not classified
47,CHI,JG,Channel Islands,,,,ECS,Z7,Europe & Central Asia,,,,HIC,XD,High income,LNX,XX,Not classified
48,CHL,CL,Chile,Santiago,-70.6475,-33.475,LCN,ZJ,Latin America & Caribbean ,,,,HIC,XD,High income,IBD,XF,IBRD
49,CHN,CN,China,Beijing,116.286,40.0495,EAS,Z4,East Asia & Pacific,EAP,4E,East Asia & Pacific (excluding high income),UMC,XT,Upper middle income,IBD,XF,IBRD
50,CIV,CI,Cote d'Ivoire,Yamoussoukro,-4.0305,5.332,SSF,ZG,Sub-Saharan Africa ,SSA,ZF,Sub-Saharan Africa (excluding high income),LMC,XN,Lower middle income,IDX,XI,IDA
51,CLA,C6,Latin America and the Caribbean (IFC classification),,,,NA,NA,Aggregates,,,,NA,NA,Aggregates,,,Aggregates
52,CME,C7,Middle East and North Africa (IFC classification),,,,NA,NA,Aggregates,,,,NA,NA,Aggregates,,,Aggregates
53,CMR,CM,Cameroon,Yaounde,11.5174,3.8721,SSF,ZG,Sub-Saharan Africa ,SSA,ZF,Sub-Saharan Africa (excluding high income),LMC,XN,Lower middle income,IDB,XH,Blend
54,COD,CD,"Congo, Dem. Rep.",Kinshasa,15.3222,-4.325,SSF,ZG,Sub-Saharan Africa ,SSA,ZF,Sub-Saharan Africa (excluding high income),LIC,XM,Low income,IDX,XI,IDA
55,COG,CG,"Congo, Rep.",Brazzaville,15.2662,-4.2767,SSF,ZG,Sub-Saharan Africa ,SSA,ZF,Sub-Saharan Africa (excluding high income),LMC,XN,Lower middle income,IDB,XH,Blend
56,COL,CO,Colombia,Bogota,-74.082,4.60987,LCN,ZJ,Latin America & Caribbean ,LAC,XJ,Latin America & Caribbean (excluding high income),UMC,XT,Upper middle income,IBD,XF,IBRD
57,COM,KM,Comoros,Moroni,43.2418,-11.6986,SSF,ZG,Sub-Saharan Africa ,SSA,ZF,Sub-Saharan Africa (excluding high income),LMC,XN,Lower middle income,IDX,XI,IDA
58,CPV,CV,Cabo Verde,Praia,-23.5087,14.9218,SSF,ZG,Sub-Saharan Africa ,SSA,ZF,Sub-Saharan Africa (excluding high income),LMC,XN,Lower middle income,IDB,XH,Blend
59,CRI,CR,Costa Rica,San Jose,-84.0089,9.63701,LCN,ZJ,Latin America & Caribbean ,LAC,XJ,Latin America & Caribbean (excluding high income),UMC,XT,Upper middle income,IBD,XF,IBRD
60,CSA,C8,South Asia (IFC classification),,,,NA,NA,Aggregates,,,,NA,NA,Aggregates,,,Aggregates
61,CSS,S3,Caribbean small states,,,,NA,NA,Aggregates,,,,NA,NA,Aggregates,,,Aggregates
62,CUB,CU,Cuba,Havana,-82.3667,23.1333,LCN,ZJ,Latin America & Caribbean ,LAC,XJ,Latin America & Caribbean (excluding high income),UMC,XT,Upper middle income,LNX,XX,Not classified
63,CUW,CW,Curacao,Willemstad,,,LCN,ZJ,Latin America & Caribbean ,,,,HIC,XD,High income,LNX,XX,Not classified
64,CYM,KY,Cayman Islands,George Town,-81.3857,19.3022,LCN,ZJ,Latin America & Caribbean ,,,,HIC,XD,High income,LNX,XX,Not classified
65,CYP,CY,Cyprus,Nicosia,33.3736,35.1676,ECS,Z7,Europe & Central Asia,,,,HIC,XD,High income,LNX,XX,Not classified
66,CZE,CZ,Czech Republic,Prague,14.4205,50.0878,ECS,Z7,Europe & Central Asia,,,,HIC,XD,High income,LNX,XX,Not classified
67,DEA,D4,East Asia & Pacific (IDA-eligible countries),,,,NA,NA,Aggregates,,,,NA,NA,Aggregates,,,Aggregates
68,DEC,D7,Europe & Central Asia (IDA-eligible countries),,,,NA,NA,Aggregates,,,,NA,NA,Aggregates,,,Aggregates
69,DEU,DE,Germany,Berlin,13.4115,52.5235,ECS,Z7,Europe & Central Asia,,,,HIC,XD,High income,LNX,XX,Not classified
70,DFS,D8,IDA countries classified as Fragile Situations,,,,NA,NA,Aggregates,,,,NA,NA,Aggregates,,,Aggregates
71,DJI,DJ,Djibouti,Djibouti,43.1425,11.5806,MEA,ZQ,Middle East & North Africa,MNA,XQ,Middle East & North Africa (excluding high income),LMC,XN,Lower middle income,IDX,XI,IDA
72,DLA,D2,Latin America & the Caribbean (IDA-eligible countries),,,,NA,NA,Aggregates,,,,NA,NA,Aggregates,,,Aggregates
73,DMA,DM,Dominica,Roseau,-61.39,15.2976,LCN,ZJ,Latin America & Caribbean ,LAC,XJ,Latin America & Caribbean (excluding high income),UMC,XT,Upper middle income,IDB,XH,Blend
74,DMN,D3,Middle East & North Africa (IDA-eligible countries),,,,NA,NA,Aggregates,,,,NA,NA,Aggregates,,,Aggregates
75,DNF,D9,IDA countries not classified as Fragile Situations,,,,NA,NA,Aggregates,,,,NA,NA,Aggregates,,,Aggregates
76,DNK,DK,Denmark,Copenhagen,12.5681,55.6763,ECS,Z7,Europe & Central Asia,,,,HIC,XD,High income,LNX,XX,Not classified
77,DNS,N6,IDA countries in Sub-Saharan Africa not classified as fragile situations ,,,,NA,NA,Aggregates,,,,NA,NA,Aggregates,,,Aggregates
78,DOM,DO,Dominican Republic,Santo Domingo,-69.8908,18.479,LCN,ZJ,Latin America & Caribbean ,LAC,XJ,Latin America & Caribbean (excluding high income),UMC,XT,Upper middle income,IBD,XF,IBRD
79,DSA,D5,South Asia (IDA-eligible countries),,,,NA,NA,Aggregates,,,,NA,NA,Aggregates,,,Aggregates
80,DSF,F6,IDA countries in Sub-Saharan Africa classified as fragile situations ,,,,NA,NA,Aggregates,,,,NA,NA,Aggregates,,,Aggregates
81,DSS,D6,Sub-Saharan Africa (IDA-eligible countries),,,,NA,NA,Aggregates,,,,NA,NA,Aggregates,,,Aggregates
82,DXS,6D,"IDA total, excluding Sub-Saharan Africa",,,,NA,NA,Aggregates,,,,NA,NA,Aggregates,,,Aggregates
83,DZA,DZ,Algeria,Algiers,3.05097,36.7397,MEA,ZQ,Middle East & North Africa,MNA,XQ,Middle East & North Africa (excluding high income),LMC,XN,Lower middle income,IBD,XF,IBRD
84,EAP,4E,East Asia & Pacific (excluding high income),,,,NA,NA,Aggregates,,,,NA,NA,Aggregates,,,Aggregates
85,EAR,V2,Early-demographic dividend,,,,NA,NA,Aggregates,,,,NA,NA,Aggregates,,,Aggregates
86,EAS,Z4,East Asia & Pacific,,,,NA,NA,Aggregates,,,,NA,NA,Aggregates,,,Aggregates
87,ECA,7E,Europe & Central Asia (excluding high income),,,,NA,NA,Aggregates,,,,NA,NA,Aggregates,,,Aggregates
88,ECS,Z7,Europe & Central Asia,,,,NA,NA,Aggregates,,,,NA,NA,Aggregates,,,Aggregates
89,ECU,EC,Ecuador,Quito,-78.5243,-0.229498,LCN,ZJ,Latin America & Caribbean ,LAC,XJ,Latin America & Caribbean (excluding high income),UMC,XT,Upper middle income,IBD,XF,IBRD
90,EGY,EG,"Egypt, Arab Rep.",Cairo,31.2461,30.0982,MEA,ZQ,Middle East & North Africa,MNA,XQ,Middle East & North Africa (excluding high income),LMC,XN,Lower middle income,IBD,XF,IBRD
91,EMU,XC,Euro area,,,,NA,NA,Aggregates,,,,NA,NA,Aggregates,,,Aggregates
92,ERI,ER,Eritrea,Asmara,38.9183,15.3315,SSF,ZG,Sub-Saharan Africa ,SSA,ZF,Sub-Saharan Africa (excluding high income),LIC,XM,Low income,IDX,XI,IDA
93,ESP,ES,Spain,Madrid,-3.70327,40.4167,ECS,Z7,Europe & Central Asia,,,,HIC,XD,High income,LNX,XX,Not classified
94,EST,EE,Estonia,Tallinn,24.7586,59.4392,ECS,Z7,Europe & Central Asia,,,,HIC,XD,High income,LNX,XX,Not classified
95,ETH,ET,Ethiopia,Addis Ababa,38.7468,9.02274,SSF,ZG,Sub-Saharan Africa ,SSA,ZF,Sub-Saharan Africa (excluding high income),LIC,XM,Low income,IDX,XI,IDA
96,EUU,EU,European Union,,,,NA,NA,Aggregates,,,,NA,NA,Aggregates,,,Aggregates
97,FCS,F1,Fragile and conflict affected situations,,,,NA,NA,Aggregates,,,,NA,NA,Aggregates,,,Aggregates
98,FIN,FI,Finland,Helsinki,24.9525,60.1608,ECS,Z7,Europe & Central Asia,,,,HIC,XD,High income,LNX,XX,Not classified
99,FJI,FJ,Fiji,Suva,178.399,-18.1149,EAS,Z4,East Asia & Pacific,EAP,4E,East Asia & Pacific (excluding high income),UMC,XT,Upper middle income,IDB,XH,Blend
100,FRA,FR,France,Paris,2.35097,48.8566,ECS,Z7,Europe & Central Asia,,,,HIC,XD,High income,LNX,XX,Not classified
101,FRO,FO,Faroe Islands,Torshavn,-6.91181,61.8926,ECS,Z7,Europe & Central Asia,,,,HIC,XD,High income,LNX,XX,Not classified
102,FSM,FM,"Micronesia, Fed. Sts.",Palikir,158.185,6.91771,EAS,Z4,East Asia & Pacific,EAP,4E,East Asia & Pacific (excluding high income),LMC,XN,Lower middle income,IDX,XI,IDA
103,FXS,6F,"IDA countries classified as fragile situations, excluding Sub-Saharan Africa",,,,NA,NA,Aggregates,,,,NA,NA,Aggregates,,,Aggregates
104,GAB,GA,Gabon,Libreville,9.45162,0.38832,SSF,ZG,Sub-Saharan Africa ,SSA,ZF,Sub-Saharan Africa (excluding high income),UMC,XT,Upper middle income,IBD,XF,IBRD
105,GBR,GB,United Kingdom,London,-0.126236,51.5002,ECS,Z7,Europe & Central Asia,,,,HIC,XD,High income,LNX,XX,Not classified
106,GEO,GE,Georgia,Tbilisi,44.793,41.71,ECS,Z7,Europe & Central Asia,ECA,7E,Europe & Central Asia (excluding high income),UMC,XT,Upper middle income,IBD,XF,IBRD
107,GHA,GH,Ghana,Accra,-0.20795,5.57045,SSF,ZG,Sub-Saharan Africa ,SSA,ZF,Sub-Saharan Africa (excluding high income),LMC,XN,Lower middle income,IDX,XI,IDA
108,GIB,GI,Gibraltar,,,,ECS,Z7,Europe & Central Asia,,,,HIC,XD,High income,LNX,XX,Not classified
109,GIN,GN,Guinea,Conakry,-13.7,9.51667,SSF,ZG,Sub-Saharan Africa ,SSA,ZF,Sub-Saharan Africa (excluding high income),LIC,XM,Low income,IDX,XI,IDA
110,GMB,GM,"Gambia, The",Banjul,-16.5885,13.4495,SSF,ZG,Sub-Saharan Africa ,SSA,ZF,Sub-Saharan Africa (excluding high income),LIC,XM,Low income,IDX,XI,IDA
111,GNB,GW,Guinea-Bissau,Bissau,-15.1804,11.8037,SSF,ZG,Sub-Saharan Africa ,SSA,ZF,Sub-Saharan Africa (excluding high income),LIC,XM,Low income,IDX,XI,IDA
112,GNQ,GQ,Equatorial Guinea,Malabo,8.7741,3.7523,SSF,ZG,Sub-Saharan Africa ,SSA,ZF,Sub-Saharan Africa (excluding high income),UMC,XT,Upper middle income,IBD,XF,IBRD
113,GRC,GR,Greece,Athens,23.7166,37.9792,ECS,Z7,Europe & Central Asia,,,,HIC,XD,High income,LNX,XX,Not classified
114,GRD,GD,Grenada,Saint George's,-61.7449,12.0653,LCN,ZJ,Latin America & Caribbean ,LAC,XJ,Latin America & Caribbean (excluding high income),UMC,XT,Upper middle income,IDB,XH,Blend
115,GRL,GL,Greenland,Nuuk,-51.7214,64.1836,ECS,Z7,Europe & Central Asia,,,,HIC,XD,High income,LNX,XX,Not classified
116,GTM,GT,Guatemala,Guatemala City,-90.5328,14.6248,LCN,ZJ,Latin America & Caribbean ,LAC,XJ,Latin America & Caribbean (excluding high income),UMC,XT,Upper middle income,IBD,XF,IBRD
117,GUM,GU,Guam,Agana,144.794,13.4443,EAS,Z4,East Asia & Pacific,,,,HIC,XD,High income,LNX,XX,Not classified
118,GUY,GY,Guyana,Georgetown,-58.1548,6.80461,LCN,ZJ,Latin America & Caribbean ,LAC,XJ,Latin America & Caribbean (excluding high income),UMC,XT,Upper middle income,IDX,XI,IDA
119,HIC,XD,High income,,,,NA,NA,Aggregates,,,,NA,NA,Aggregates,,,Aggregates
120,HKG,HK,"Hong Kong SAR, China",,114.109,22.3964,EAS,Z4,East Asia & Pacific,,,,HIC,XD,High income,LNX,XX,Not classified
121,HND,HN,Honduras,Tegucigalpa,-87.4667,15.1333,LCN,ZJ,Latin America & Caribbean ,LAC,XJ,Latin America & Caribbean (excluding high income),LMC,XN,Lower middle income,IDX,XI,IDA
122,HPC,XE,Heavily indebted poor countries (HIPC),,,,NA,NA,Aggregates,,,,NA,NA,Aggregates,,,Aggregates
123,HRV,HR,Croatia,Zagreb,15.9614,45.8069,ECS,Z7,Europe & Central Asia,,,,HIC,XD,High income,IBD,XF,IBRD
124,HTI,HT,Haiti,Port-au-Prince,-72.3288,18.5392,LCN,ZJ,Latin America & Caribbean ,LAC,XJ,Latin America & Caribbean (excluding high income),LIC,XM,Low income,IDX,XI,IDA
125,HUN,HU,Hungary,Budapest,19.0408,47.4984,ECS,Z7,Europe & Central Asia,,,,HIC,XD,High income,LNX,XX,Not classified
126,IBB,ZB,"IBRD, including blend",,,,NA,NA,Aggregates,,,,NA,NA,Aggregates,,,Aggregates
127,IBD,XF,IBRD only,,,,NA,NA,Aggregates,,,,NA,NA,Aggregates,,,Aggregates
128,IBT,ZT,IDA & IBRD total,,,,NA,NA,Aggregates,,,,NA,NA,Aggregates,,,Aggregates
129,IDA,XG,IDA total,,,,NA,NA,Aggregates,,,,NA,NA,Aggregates,,,Aggregates
130,IDB,XH,IDA blend,,,,NA,NA,Aggregates,,,,NA,NA,Aggregates,,,Aggregates
131,IDN,ID,Indonesia,Jakarta,106.83,-6.19752,EAS,Z4,East Asia & Pacific,EAP,4E,East Asia & Pacific (excluding high income),UMC,XT,Upper middle income,IBD,XF,IBRD
132,IDX,XI,IDA only,,,,NA,NA,Aggregates,,,,NA,NA,Aggregates,,,Aggregates
133,IMN,IM,Isle of Man,Douglas,-4.47928,54.1509,ECS,Z7,Europe & Central Asia,,,,HIC,XD,High income,LNX,XX,Not classified
134,IND,IN,India,New Delhi,77.225,28.6353,SAS,8S,South Asia,SAS,8S,South Asia,LMC,XN,Lower middle income,IBD,XF,IBRD
135,INX,XY,Not classified,,,,NA,NA,Aggregates,,,,NA,NA,Aggregates,,,Aggregates
136,IRL,IE,Ireland,Dublin,-6.26749,53.3441,ECS,Z7,Europe & Central Asia,,,,HIC,XD,High income,LNX,XX,Not classified
137,IRN,IR,"Iran, Islamic Rep.",Tehran,51.4447,35.6878,MEA,ZQ,Middle East & North Africa,MNA,XQ,Middle East & North Africa (excluding high income),UMC,XT,Upper middle income,IBD,XF,IBRD
138,IRQ,IQ,Iraq,Baghdad,44.394,33.3302,MEA,ZQ,Middle East & North Africa,MNA,XQ,Middle East & North Africa (excluding high income),UMC,XT,Upper middle income,IBD,XF,IBRD
139,ISL,IS,Iceland,Reykjavik,-21.8952,64.1353,ECS,Z7,Europe & Central Asia,,,,HIC,XD,High income,LNX,XX,Not classified
140,ISR,IL,Israel,,35.2035,31.7717,MEA,ZQ,Middle East & North Africa,,,,HIC,XD,High income,LNX,XX,Not classified
141,ITA,IT,Italy,Rome,12.4823,41.8955,ECS,Z7,Europe & Central Asia,,,,HIC,XD,High income,LNX,XX,Not classified
142,JAM,JM,Jamaica,Kingston,-76.792,17.9927,LCN,ZJ,Latin America & Caribbean ,LAC,XJ,Latin America & Caribbean (excluding high income),UMC,XT,Upper middle income,IBD,XF,IBRD
143,JOR,JO,Jordan,Amman,35.9263,31.9497,MEA,ZQ,Middle East & North Africa,MNA,XQ,Middle East & North Africa (excluding high income),UMC,XT,Upper middle income,IBD,XF,IBRD
144,JPN,JP,Japan,Tokyo,139.77,35.67,EAS,Z4,East Asia & Pacific,,,,HIC,XD,High income,LNX,XX,Not classified
145,KAZ,KZ,Kazakhstan,Astana,71.4382,51.1879,ECS,Z7,Europe & Central Asia,ECA,7E,Europe & Central Asia (excluding high income),UMC,XT,Upper middle income,IBD,XF,IBRD
146,KEN,KE,Kenya,Nairobi,36.8126,-1.27975,SSF,ZG,Sub-Saharan Africa ,SSA,ZF,Sub-Saharan Africa (excluding high income),LMC,XN,Lower middle income,IDB,XH,Blend
147,KGZ,KG,Kyrgyz Republic,Bishkek,74.6057,42.8851,ECS,Z7,Europe & Central Asia,ECA,7E,Europe & Central Asia (excluding high income),LMC,XN,Lower middle income,IDX,XI,IDA
148,KHM,KH,Cambodia,Phnom Penh,104.874,11.5556,EAS,Z4,East Asia & Pacific,EAP,4E,East Asia & Pacific (excluding high income),LMC,XN,Lower middle income,IDX,XI,IDA
149,KIR,KI,Kiribati,Tarawa,172.979,1.32905,EAS,Z4,East Asia & Pacific,EAP,4E,East Asia & Pacific (excluding high income),LMC,XN,Lower middle income,IDX,XI,IDA
150,KNA,KN,St. Kitts and Nevis,Basseterre,-62.7309,17.3,LCN,ZJ,Latin America & Caribbean ,,,,HIC,XD,High income,IBD,XF,IBRD
151,KOR,KR,"Korea, Rep.",Seoul,126.957,37.5323,EAS,Z4,East Asia & Pacific,,,,HIC,XD,High income,LNX,XX,Not classified
152,KWT,KW,Kuwait,Kuwait City,47.9824,29.3721,MEA,ZQ,Middle East & North Africa,,,,HIC,XD,High income,LNX,XX,Not classified
153,LAC,XJ,Latin America & Caribbean (excluding high income),,,,NA,NA,Aggregates,,,,NA,NA,Aggregates,,,Aggregates
154,LAO,LA,Lao PDR,Vientiane,102.177,18.5826,EAS,Z4,East Asia & Pacific,EAP,4E,East Asia & Pacific (excluding high income),LMC,XN,Lower middle income,IDX,XI,IDA
155,LBN,LB,Lebanon,Beirut,35.5134,33.8872,MEA,ZQ,Middle East & North Africa,MNA,XQ,Middle East & North Africa (excluding high income),UMC,XT,Upper middle income,IBD,XF,IBRD
156,LBR,LR,Liberia,Monrovia,-10.7957,6.30039,SSF,ZG,Sub-Saharan Africa ,SSA,ZF,Sub-Saharan Africa (excluding high income),LIC,XM,Low income,IDX,XI,IDA
157,LBY,LY,Libya,Tripoli,13.1072,32.8578,MEA,ZQ,Middle East & North Africa,MNA,XQ,Middle East & North Africa (excluding high income),UMC,XT,Upper middle income,IBD,XF,IBRD
158,LCA,LC,St. Lucia,Castries,-60.9832,14,LCN,ZJ,Latin America & Caribbean ,LAC,XJ,Latin America & Caribbean (excluding high income),UMC,XT,Upper middle income,IDB,XH,Blend
159,LCN,ZJ,Latin America & Caribbean ,,,,NA,NA,Aggregates,,,,NA,NA,Aggregates,,,Aggregates
160,LCR,L4,Latin America and the Caribbean,,,,NA,NA,Aggregates,,,,NA,NA,Aggregates,,,Aggregates
161,LDC,XL,Least developed countries: UN classification,,,,NA,NA,Aggregates,,,,NA,NA,Aggregates,,,Aggregates
162,LIC,XM,Low income,,,,NA,NA,Aggregates,,,,NA,NA,Aggregates,,,Aggregates
163,LIE,LI,Liechtenstein,Vaduz,9.52148,47.1411,ECS,Z7,Europe & Central Asia,,,,HIC,XD,High income,LNX,XX,Not classified
164,LKA,LK,Sri Lanka,Colombo,79.8528,6.92148,SAS,8S,South Asia,SAS,8S,South Asia,LMC,XN,Lower middle income,IBD,XF,IBRD
165,LMC,XN,Lower middle income,,,,NA,NA,Aggregates,,,,NA,NA,Aggregates,,,Aggregates
166,LMY,XO,Low & middle income,,,,NA,NA,Aggregates,,,,NA,NA,Aggregates,,,Aggregates
167,LSO,LS,Lesotho,Maseru,27.7167,-29.5208,SSF,ZG,Sub-Saharan Africa ,SSA,ZF,Sub-Saharan Africa (excluding high income),LMC,XN,Lower middle income,IDX,XI,IDA
168,LTE,V3,Late-demographic dividend,,,,NA,NA,Aggregates,,,,NA,NA,Aggregates,,,Aggregates
169,LTU,LT,Lithuania,Vilnius,25.2799,54.6896,ECS,Z7,Europe & Central Asia,,,,HIC,XD,High income,LNX,XX,Not classified
170,LUX,LU,Luxembourg,Luxembourg,6.1296,49.61,ECS,Z7,Europe & Central Asia,,,,HIC,XD,High income,LNX,XX,Not classified
171,LVA,LV,Latvia,Riga,24.1048,56.9465,ECS,Z7,Europe & Central Asia,,,,HIC,XD,High income,LNX,XX,Not classified
172,MAC,MO,"Macao SAR, China",,113.55,22.1667,EAS,Z4,East Asia & Pacific,,,,HIC,XD,High income,LNX,XX,Not classified
173,MAF,MF,St. Martin (French part),Marigot,,,LCN,ZJ,Latin America & Caribbean ,,,,HIC,XD,High income,LNX,XX,Not classified
174,MAR,MA,Morocco,Rabat,-6.8704,33.9905,MEA,ZQ,Middle East & North Africa,MNA,XQ,Middle East & North Africa (excluding high income),LMC,XN,Lower middle income,IBD,XF,IBRD
175,MCA,L6,Central America,,,,NA,NA,Aggregates,,,,NA,NA,Aggregates,,,Aggregates
176,MCO,MC,Monaco,Monaco,7.41891,43.7325,ECS,Z7,Europe & Central Asia,,,,HIC,XD,High income,LNX,XX,Not classified
177,MDA,MD,Moldova,Chisinau,28.8497,47.0167,ECS,Z7,Europe & Central Asia,ECA,7E,Europe & Central Asia (excluding high income),LMC,XN,Lower middle income,IBD,XF,IBRD
178,MDE,M1,Middle East (developing only),,,,NA,NA,Aggregates,,,,NA,NA,Aggregates,,,Aggregates
179,MDG,MG,Madagascar,Antananarivo,45.7167,-20.4667,SSF,ZG,Sub-Saharan Africa ,SSA,ZF,Sub-Saharan Africa (excluding high income),LIC,XM,Low income,IDX,XI,IDA
180,MDV,MV,Maldives,Male,73.5109,4.1742,SAS,8S,South Asia,SAS,8S,South Asia,UMC,XT,Upper middle income,IDX,XI,IDA
181,MEA,ZQ,Middle East & North Africa,,,,NA,NA,Aggregates,,,,NA,NA,Aggregates,,,Aggregates
182,MEX,MX,Mexico,Mexico City,-99.1276,19.427,LCN,ZJ,Latin America & Caribbean ,LAC,XJ,Latin America & Caribbean (excluding high income),UMC,XT,Upper middle income,IBD,XF,IBRD
183,MHL,MH,Marshall Islands,Majuro,171.135,7.11046,EAS,Z4,East Asia & Pacific,EAP,4E,East Asia & Pacific (excluding high income),UMC,XT,Upper middle income,IDX,XI,IDA
184,MIC,XP,Middle income,,,,NA,NA,Aggregates,,,,NA,NA,Aggregates,,,Aggregates
185,MKD,MK,North Macedonia,Skopje,21.4361,42.0024,ECS,Z7,Europe & Central Asia,ECA,7E,Europe & Central Asia (excluding high income),UMC,XT,Upper middle income,IBD,XF,IBRD
186,MLI,ML,Mali,Bamako,-7.50034,13.5667,SSF,ZG,Sub-Saharan Africa ,SSA,ZF,Sub-Saharan Africa (excluding high income),LIC,XM,Low income,IDX,XI,IDA
187,MLT,MT,Malta,Valletta,14.5189,35.9042,MEA,ZQ,Middle East & North Africa,,,,HIC,XD,High income,LNX,XX,Not classified
188,MMR,MM,Myanmar,Naypyidaw,95.9562,21.914,EAS,Z4,East Asia & Pacific,EAP,4E,East Asia & Pacific (excluding high income),LMC,XN,Lower middle income,IDX,XI,IDA
189,MNA,XQ,Middle East & North Africa (excluding high income),,,,NA,NA,Aggregates,,,,NA,NA,Aggregates,,,Aggregates
190,MNE,ME,Montenegro,Podgorica,19.2595,42.4602,ECS,Z7,Europe & Central Asia,ECA,7E,Europe & Central Asia (excluding high income),UMC,XT,Upper middle income,IBD,XF,IBRD
191,MNG,MN,Mongolia,Ulaanbaatar,106.937,47.9129,EAS,Z4,East Asia & Pacific,EAP,4E,East Asia & Pacific (excluding high income),LMC,XN,Lower middle income,IBD,XF,IBRD
192,MNP,MP,Northern Mariana Islands,Saipan,145.765,15.1935,EAS,Z4,East Asia & Pacific,,,,HIC,XD,High income,LNX,XX,Not classified
193,MOZ,MZ,Mozambique,Maputo,32.5713,-25.9664,SSF,ZG,Sub-Saharan Africa ,SSA,ZF,Sub-Saharan Africa (excluding high income),LIC,XM,Low income,IDX,XI,IDA
194,MRT,MR,Mauritania,Nouakchott,-15.9824,18.2367,SSF,ZG,Sub-Saharan Africa ,SSA,ZF,Sub-Saharan Africa (excluding high income),LMC,XN,Lower middle income,IDX,XI,IDA
195,MUS,MU,Mauritius,Port Louis,57.4977,-20.1605,SSF,ZG,Sub-Saharan Africa ,,,,HIC,XD,High income,IBD,XF,IBRD
196,MWI,MW,Malawi,Lilongwe,33.7703,-13.9899,SSF,ZG,Sub-Saharan Africa ,SSA,ZF,Sub-Saharan Africa (excluding high income),LIC,XM,Low income,IDX,XI,IDA
197,MYS,MY,Malaysia,Kuala Lumpur,101.684,3.12433,EAS,Z4,East Asia & Pacific,EAP,4E,East Asia & Pacific (excluding high income),UMC,XT,Upper middle income,IBD,XF,IBRD
198,NAC,XU,North America,,,,NA,NA,Aggregates,,,,NA,NA,Aggregates,,,Aggregates
199,NAF,M2,North Africa,,,,NA,NA,Aggregates,,,,NA,NA,Aggregates,,,Aggregates
200,NAM,NA,Namibia,Windhoek,17.0931,-22.5648,SSF,ZG,Sub-Saharan Africa ,SSA,ZF,Sub-Saharan Africa (excluding high income),UMC,XT,Upper middle income,IBD,XF,IBRD
201,NCL,NC,New Caledonia,Noum'ea,166.464,-22.2677,EAS,Z4,East Asia & Pacific,,,,HIC,XD,High income,LNX,XX,Not classified
202,NER,NE,Niger,Niamey,2.1073,13.514,SSF,ZG,Sub-Saharan Africa ,SSA,ZF,Sub-Saharan Africa (excluding high income),LIC,XM,Low income,IDX,XI,IDA
203,NGA,NG,Nigeria,Abuja,7.48906,9.05804,SSF,ZG,Sub-Saharan Africa ,SSA,ZF,Sub-Saharan Africa (excluding high income),LMC,XN,Lower middle income,IDB,XH,Blend
204,NIC,NI,Nicaragua,Managua,-86.2734,12.1475,LCN,ZJ,Latin America & Caribbean ,LAC,XJ,Latin America & Caribbean (excluding high income),LMC,XN,Lower middle income,IDX,XI,IDA
205,NLD,NL,Netherlands,Amsterdam,4.89095,52.3738,ECS,Z7,Europe & Central Asia,,,,HIC,XD,High income,LNX,XX,Not classified
206,NLS,6L,"Non-resource rich Sub-Saharan Africa countries, of which landlocked",,,,NA,NA,Aggregates,,,,NA,NA,Aggregates,,,Aggregates
207,NOR,NO,Norway,Oslo,10.7387,59.9138,ECS,Z7,Europe & Central Asia,,,,HIC,XD,High income,LNX,XX,Not classified
208,NPL,NP,Nepal,Kathmandu,85.3157,27.6939,SAS,8S,South Asia,SAS,8S,South Asia,LMC,XN,Lower middle income,IDX,XI,IDA
209,NRS,6X,Non-resource rich Sub-Saharan Africa countries,,,,NA,NA,Aggregates,,,,NA,NA,Aggregates,,,Aggregates
210,NRU,NR,Nauru,Yaren District,166.920867,-0.5477,EAS,Z4,East Asia & Pacific,,,,HIC,XD,High income,IBD,XF,IBRD
211,NXS,6N,"IDA countries not classified as fragile situations, excluding Sub-Saharan Africa",,,,NA,NA,Aggregates,,,,NA,NA,Aggregates,,,Aggregates
212,NZL,NZ,New Zealand,Wellington,174.776,-41.2865,EAS,Z4,East Asia & Pacific,,,,HIC,XD,High income,LNX,XX,Not classified
213,OED,OE,OECD members,,,,NA,NA,Aggregates,,,,NA,NA,Aggregates,,,Aggregates
214,OMN,OM,Oman,Muscat,58.5874,23.6105,MEA,ZQ,Middle East & North Africa,,,,HIC,XD,High income,LNX,XX,Not classified
215,OSS,S4,Other small states,,,,NA,NA,Aggregates,,,,NA,NA,Aggregates,,,Aggregates
216,PAK,PK,Pakistan,Islamabad,72.8,30.5167,SAS,8S,South Asia,SAS,8S,South Asia,LMC,XN,Lower middle income,IDB,XH,Blend
217,PAN,PA,Panama,Panama City,-79.5188,8.99427,LCN,ZJ,Latin America & Caribbean ,,,,HIC,XD,High income,IBD,XF,IBRD
218,PER,PE,Peru,Lima,-77.0465,-12.0931,LCN,ZJ,Latin America & Caribbean ,LAC,XJ,Latin America & Caribbean (excluding high income),UMC,XT,Upper middle income,IBD,XF,IBRD
219,PHL,PH,Philippines,Manila,121.035,14.5515,EAS,Z4,East Asia & Pacific,EAP,4E,East Asia & Pacific (excluding high income),LMC,XN,Lower middle income,IBD,XF,IBRD
220,PLW,PW,Palau,Koror,134.479,7.34194,EAS,Z4,East Asia & Pacific,,,,HIC,XD,High income,IBD,XF,IBRD
221,PNG,PG,Papua New Guinea,Port Moresby,147.194,-9.47357,EAS,Z4,East Asia & Pacific,EAP,4E,East Asia & Pacific (excluding high income),LMC,XN,Lower middle income,IDB,XH,Blend
222,POL,PL,Poland,Warsaw,21.02,52.26,ECS,Z7,Europe & Central Asia,,,,HIC,XD,High income,IBD,XF,IBRD
223,PRE,V1,Pre-demographic dividend,,,,NA,NA,Aggregates,,,,NA,NA,Aggregates,,,Aggregates
224,PRI,PR,Puerto Rico,San Juan,-66,18.23,LCN,ZJ,Latin America & Caribbean ,,,,HIC,XD,High income,LNX,XX,Not classified
225,PRK,KP,"Korea, Dem. People’s Rep.",Pyongyang,125.754,39.0319,EAS,Z4,East Asia & Pacific,EAP,4E,East Asia & Pacific (excluding high income),LIC,XM,Low income,LNX,XX,Not classified
226,PRT,PT,Portugal,Lisbon,-9.13552,38.7072,ECS,Z7,Europe & Central Asia,,,,HIC,XD,High income,LNX,XX,Not classified
227,PRY,PY,Paraguay,Asuncion,-57.6362,-25.3005,LCN,ZJ,Latin America & Caribbean ,LAC,XJ,Latin America & Caribbean (excluding high income),UMC,XT,Upper middle income,IBD,XF,IBRD
228,PSE,PS,West Bank and Gaza,,,,MEA,ZQ,Middle East & North Africa,MNA,XQ,Middle East & North Africa (excluding high income),LMC,XN,Lower middle income,LNX,XX,Not classified
229,PSS,S2,Pacific island small states,,,,NA,NA,Aggregates,,,,NA,NA,Aggregates,,,Aggregates
230,PST,V4,Post-demographic dividend,,,,NA,NA,Aggregates,,,,NA,NA,Aggregates,,,Aggregates
231,PYF,PF,French Polynesia,Papeete,-149.57,-17.535,EAS,Z4,East Asia & Pacific,,,,HIC,XD,High income,LNX,XX,Not classified
232,QAT,QA,Qatar,Doha,51.5082,25.2948,MEA,ZQ,Middle East & North Africa,,,,HIC,XD,High income,LNX,XX,Not classified
233,ROU,RO,Romania,Bucharest,26.0979,44.4479,ECS,Z7,Europe & Central Asia,,,,HIC,XD,High income,IBD,XF,IBRD
234,RRS,R6,Resource rich Sub-Saharan Africa countries,,,,NA,NA,Aggregates,,,,NA,NA,Aggregates,,,Aggregates
235,RSO,O6,"Resource rich Sub-Saharan Africa countries, of which oil exporters",,,,NA,NA,Aggregates,,,,NA,NA,Aggregates,,,Aggregates
236,RUS,RU,Russian Federation,Moscow,37.6176,55.7558,ECS,Z7,Europe & Central Asia,ECA,7E,Europe & Central Asia (excluding high income),UMC,XT,Upper middle income,IBD,XF,IBRD
237,RWA,RW,Rwanda,Kigali,30.0587,-1.95325,SSF,ZG,Sub-Saharan Africa ,SSA,ZF,Sub-Saharan Africa (excluding high income),LIC,XM,Low income,IDX,XI,IDA
238,SAS,8S,South Asia,,,,NA,NA,Aggregates,,,,NA,NA,Aggregates,,,Aggregates
239,SAU,SA,Saudi Arabia,Riyadh,46.6977,24.6748,MEA,ZQ,Middle East & North Africa,,,,HIC,XD,High income,LNX,XX,Not classified
240,SCE,L7,Southern Cone,,,,NA,NA,Aggregates,,,,NA,NA,Aggregates,,,Aggregates
241,SDN,SD,Sudan,Khartoum,32.5363,15.5932,SSF,ZG,Sub-Saharan Africa ,SSA,ZF,Sub-Saharan Africa (excluding high income),LIC,XM,Low income,IDX,XI,IDA
242,SEN,SN,Senegal,Dakar,-17.4734,14.7247,SSF,ZG,Sub-Saharan Africa ,SSA,ZF,Sub-Saharan Africa (excluding high income),LMC,XN,Lower middle income,IDX,XI,IDA
243,SGP,SG,Singapore,Singapore,103.85,1.28941,EAS,Z4,East Asia & Pacific,,,,HIC,XD,High income,LNX,XX,Not classified
244,SLB,SB,Solomon Islands,Honiara,159.949,-9.42676,EAS,Z4,East Asia & Pacific,EAP,4E,East Asia & Pacific (excluding high income),LMC,XN,Lower middle income,IDX,XI,IDA
245,SLE,SL,Sierra Leone,Freetown,-13.2134,8.4821,SSF,ZG,Sub-Saharan Africa ,SSA,ZF,Sub-Saharan Africa (excluding high income),LIC,XM,Low income,IDX,XI,IDA
246,SLV,SV,El Salvador,San Salvador,-89.2073,13.7034,LCN,ZJ,Latin America & Caribbean ,LAC,XJ,Latin America & Caribbean (excluding high income),LMC,XN,Lower middle income,IBD,XF,IBRD
247,SMR,SM,San Marino,San Marino,12.4486,43.9322,ECS,Z7,Europe & Central Asia,,,,HIC,XD,High income,LNX,XX,Not classified
248,SOM,SO,Somalia,Mogadishu,45.3254,2.07515,SSF,ZG,Sub-Saharan Africa ,SSA,ZF,Sub-Saharan Africa (excluding high income),LIC,XM,Low income,IDX,XI,IDA
249,SRB,RS,Serbia,Belgrade,20.4656,44.8024,ECS,Z7,Europe & Central Asia,ECA,7E,Europe & Central Asia (excluding high income),UMC,XT,Upper middle income,IBD,XF,IBRD
250,SSA,ZF,Sub-Saharan Africa (excluding high income),,,,NA,NA,Aggregates,,,,NA,NA,Aggregates,,,Aggregates
251,SSD,SS,South Sudan,Juba,31.6,4.85,SSF,ZG,Sub-Saharan Africa ,SSA,ZF,Sub-Saharan Africa (excluding high income),LIC,XM,Low income,IDX,XI,IDA
252,SSF,ZG,Sub-Saharan Africa ,,,,NA,NA,Aggregates,,,,NA,NA,Aggregates,,,Aggregates
253,SST,S1,Small states,,,,NA,NA,Aggregates,,,,NA,NA,Aggregates,,,Aggregates
254,STP,ST,Sao Tome and Principe,Sao Tome,6.6071,0.20618,SSF,ZG,Sub-Saharan Africa ,SSA,ZF,Sub-Saharan Africa (excluding high income),LMC,XN,Lower middle income,IDX,XI,IDA
255,SUR,SR,Suriname,Paramaribo,-55.1679,5.8232,LCN,ZJ,Latin America & Caribbean ,LAC,XJ,Latin America & Caribbean (excluding high income),UMC,XT,Upper middle income,IBD,XF,IBRD
256,SVK,SK,Slovak Republic,Bratislava,17.1073,48.1484,ECS,Z7,Europe & Central Asia,,,,HIC,XD,High income,LNX,XX,Not classified
257,SVN,SI,Slovenia,Ljubljana,14.5044,46.0546,ECS,Z7,Europe & Central Asia,,,,HIC,XD,High income,LNX,XX,Not classified
258,SWE,SE,Sweden,Stockholm,18.0645,59.3327,ECS,Z7,Europe & Central Asia,,,,HIC,XD,High income,LNX,XX,Not classified
259,SWZ,SZ,Eswatini,Mbabane,31.4659,-26.5225,SSF,ZG,Sub-Saharan Africa ,SSA,ZF,Sub-Saharan Africa (excluding high income),LMC,XN,Lower middle income,IBD,XF,IBRD
260,SXM,SX,Sint Maarten (Dutch part),Philipsburg,,,LCN,ZJ,Latin America & Caribbean ,,,,HIC,XD,High income,LNX,XX,Not classified
261,SXZ,A4,Sub-Saharan Africa excluding South Africa,,,,NA,NA,Aggregates,,,,NA,NA,Aggregates,,,Aggregates
262,SYC,SC,Seychelles,Victoria,55.4466,-4.6309,SSF,ZG,Sub-Saharan Africa ,,,,HIC,XD,High income,IBD,XF,IBRD
263,SYR,SY,Syrian Arab Republic,Damascus,36.3119,33.5146,MEA,ZQ,Middle East & North Africa,MNA,XQ,Middle East & North Africa (excluding high income),LIC,XM,Low income,IDX,XI,IDA
264,TCA,TC,Turks and Caicos Islands,Grand Turk,-71.141389,21.4602778,LCN,ZJ,Latin America & Caribbean ,,,,HIC,XD,High income,LNX,XX,Not classified
265,TCD,TD,Chad,N'Djamena,15.0445,12.1048,SSF,ZG,Sub-Saharan Africa ,SSA,ZF,Sub-Saharan Africa (excluding high income),LIC,XM,Low income,IDX,XI,IDA
266,TEA,T4,East Asia & Pacific (IDA & IBRD countries),,,,NA,NA,Aggregates,,,,NA,NA,Aggregates,,,Aggregates
267,TEC,T7,Europe & Central Asia (IDA & IBRD countries),,,,NA,NA,Aggregates,,,,NA,NA,Aggregates,,,Aggregates
268,TGO,TG,Togo,Lome,1.2255,6.1228,SSF,ZG,Sub-Saharan Africa ,SSA,ZF,Sub-Saharan Africa (excluding high income),LIC,XM,Low income,IDX,XI,IDA
269,THA,TH,Thailand,Bangkok,100.521,13.7308,EAS,Z4,East Asia & Pacific,EAP,4E,East Asia & Pacific (excluding high income),UMC,XT,Upper middle income,IBD,XF,IBRD
270,TJK,TJ,Tajikistan,Dushanbe,68.7864,38.5878,ECS,Z7,Europe & Central Asia,ECA,7E,Europe & Central Asia (excluding high income),LIC,XM,Low income,IDX,XI,IDA
271,TKM,TM,Turkmenistan,Ashgabat,58.3794,37.9509,ECS,Z7,Europe & Central Asia,ECA,7E,Europe & Central Asia (excluding high income),UMC,XT,Upper middle income,IBD,XF,IBRD
272,TLA,T2,Latin America & the Caribbean (IDA & IBRD countries),,,,NA,NA,Aggregates,,,,NA,NA,Aggregates,,,Aggregates
273,TLS,TL,Timor-Leste,Dili,125.567,-8.56667,EAS,Z4,East Asia & Pacific,EAP,4E,East Asia & Pacific (excluding high income),LMC,XN,Lower middle income,IDB,XH,Blend
274,TMN,T3,Middle East & North Africa (IDA & IBRD countries),,,,NA,NA,Aggregates,,,,NA,NA,Aggregates,,,Aggregates
275,TON,TO,Tonga,Nuku'alofa,-175.216,-21.136,EAS,Z4,East Asia & Pacific,EAP,4E,East Asia & Pacific (excluding high income),UMC,XT,Upper middle income,IDX,XI,IDA
276,TSA,T5,South Asia (IDA & IBRD),,,,NA,NA,Aggregates,,,,NA,NA,Aggregates,,,Aggregates
277,TSS,T6,Sub-Saharan Africa (IDA & IBRD countries),,,,NA,NA,Aggregates,,,,NA,NA,Aggregates,,,Aggregates
278,TTO,TT,Trinidad and Tobago,Port-of-Spain,-61.4789,10.6596,LCN,ZJ,Latin America & Caribbean ,,,,HIC,XD,High income,IBD,XF,IBRD
279,TUN,TN,Tunisia,Tunis,10.21,36.7899,MEA,ZQ,Middle East & North Africa,MNA,XQ,Middle East & North Africa (excluding high income),LMC,XN,Lower middle income,IBD,XF,IBRD
280,TUR,TR,Turkey,Ankara,32.3606,39.7153,ECS,Z7,Europe & Central Asia,ECA,7E,Europe & Central Asia (excluding high income),UMC,XT,Upper middle income,IBD,XF,IBRD
281,TUV,TV,Tuvalu,Funafuti,179.089567,-8.6314877,EAS,Z4,East Asia & Pacific,EAP,4E,East Asia & Pacific (excluding high income),UMC,XT,Upper middle income,IDX,XI,IDA
282,TWN,TW,"Taiwan, China",,,,EAS,Z4,East Asia & Pacific,,,,HIC,XD,High income,LNX,XX,Not classified
283,TZA,TZ,Tanzania,Dodoma,35.7382,-6.17486,SSF,ZG,Sub-Saharan Africa ,SSA,ZF,Sub-Saharan Africa (excluding high income),LMC,XN,Lower middle income,IDX,XI,IDA
284,UGA,UG,Uganda,Kampala,32.5729,0.314269,SSF,ZG,Sub-Saharan Africa ,SSA,ZF,Sub-Saharan Africa (excluding high income),LIC,XM,Low income,IDX,XI,IDA
285,UKR,UA,Ukraine,Kiev,30.5038,50.4536,ECS,Z7,Europe & Central Asia,ECA,7E,Europe & Central Asia (excluding high income),LMC,XN,Lower middle income,IBD,XF,IBRD
286,UMC,XT,Upper middle income,,,,NA,NA,Aggregates,,,,NA,NA,Aggregates,,,Aggregates
287,URY,UY,Uruguay,Montevideo,-56.0675,-34.8941,LCN,ZJ,Latin America & Caribbean ,,,,HIC,XD,High income,IBD,XF,IBRD
288,USA,US,United States,Washington D.C.,-77.032,38.8895,NAC,XU,North America,,,,HIC,XD,High income,LNX,XX,Not classified
289,UZB,UZ,Uzbekistan,Tashkent,69.269,41.3052,ECS,Z7,Europe & Central Asia,ECA,7E,Europe & Central Asia (excluding high income),LMC,XN,Lower middle income,IDB,XH,Blend
290,VCT,VC,St. Vincent and the Grenadines,Kingstown,-61.2653,13.2035,LCN,ZJ,Latin America & Caribbean ,LAC,XJ,Latin America & Caribbean (excluding high income),UMC,XT,Upper middle income,IDB,XH,Blend
291,VEN,VE,"Venezuela, RB",Caracas,-69.8371,9.08165,LCN,ZJ,Latin America & Caribbean ,LAC,XJ,Latin America & Caribbean (excluding high income),UMC,XT,Upper middle income,IBD,XF,IBRD
292,VGB,VG,British Virgin Islands,Road Town,-64.623056,18.431389,LCN,ZJ,Latin America & Caribbean ,,,,HIC,XD,High income,LNX,XX,Not classified
293,VIR,VI,Virgin Islands (U.S.),Charlotte Amalie,-64.8963,18.3358,LCN,ZJ,Latin America & Caribbean ,,,,HIC,XD,High income,LNX,XX,Not classified
294,VNM,VN,Vietnam,Hanoi,105.825,21.0069,EAS,Z4,East Asia & Pacific,EAP,4E,East Asia & Pacific (excluding high income),LMC,XN,Lower middle income,IBD,XF,IBRD
295,VUT,VU,Vanuatu,Port-Vila,168.321,-17.7404,EAS,Z4,East Asia & Pacific,EAP,4E,East Asia & Pacific (excluding high income),LMC,XN,Lower middle income,IDX,XI,IDA
296,WLD,1W,World,,,,NA,NA,Aggregates,,,,NA,NA,Aggregates,,,Aggregates
297,WSM,WS,Samoa,Apia,-171.752,-13.8314,EAS,Z4,East Asia & Pacific,EAP,4E,East Asia & Pacific (excluding high income),UMC,XT,Upper middle income,IDX,XI,IDA
298,XKX,XK,Kosovo,Pristina,20.926,42.565,ECS,Z7,Europe & Central Asia,ECA,7E,Europe & Central Asia (excluding high income),UMC,XT,Upper middle income,IDX,XI,IDA
299,XZN,A5,Sub-Saharan Africa excluding South Africa and Nigeria,,,,NA,NA,Aggregates,,,,NA,NA,Aggregates,,,Aggregates
300,YEM,YE,"Yemen, Rep.",Sana'a,44.2075,15.352,MEA,ZQ,Middle East & North Africa,MNA,XQ,Middle East & North Africa (excluding high income),LIC,XM,Low income,IDX,XI,IDA
301,ZAF,ZA,South Africa,Pretoria,28.1871,-25.746,SSF,ZG,Sub-Saharan Africa ,SSA,ZF,Sub-Saharan Africa (excluding high income),UMC,XT,Upper middle income,IBD,XF,IBRD
302,ZMB,ZM,Zambia,Lusaka,28.2937,-15.3982,SSF,ZG,Sub-Saharan Africa ,SSA,ZF,Sub-Saharan Africa (excluding high income),LMC,XN,Lower middle income,IDX,XI,IDA
303,ZWE,ZW,Zimbabwe,Harare,31.0672,-17.8312,SSF,ZG,Sub-Saharan Africa ,SSA,ZF,Sub-Saharan Africa (excluding high income),LMC,XN,Lower middle income,IDB,XH,Blend
